Date	Close	High	Low	Open	Adj Close	Volume	Views 
7/1/2015	77.18	78.699997	76.559998	78.260002	75.339149	5155200	155
7/2/2015	76.779999	77.989998	76.720001	77.379997	74.948692	3474400	138
7/6/2015	76.379997	77.449997	75.169998	75.599998	74.558243	3967700	118
7/7/2015	77.919998	78.330002	75.290001	76.650002	76.061501	5979100	125
7/8/2015	75.470001	77.620003	75.110001	77.529999	73.669952	3653100	75
7/9/2015	76.080002	77.32	76	76.839996	74.265404	3703200	131
7/10/2015	75.709999	77.389999	75.389999	76.75	73.904221	3381000	175
7/13/2015	75.699997	76.489998	75.379997	75.629997	73.894463	3480900	136
7/14/2015	76.370003	76.639999	75.339996	75.5	74.548477	5639100	152
7/15/2015	75.199997	76.709999	74.839996	75.620003	73.406364	4723600	135
7/16/2015	74.690002	76.150002	74.330002	76.150002	72.908554	4296600	79
7/17/2015	73.879997	74.629997	73.349998	74.529999	72.117859	4012800	72
7/20/2015	72.620003	73.650002	72.290001	73.610001	70.887917	4795600	116
7/21/2015	73.370003	74.120003	72.879997	73.150002	71.620033	4907600	164
7/22/2015	72.660004	73.610001	72.349998	72.830002	70.926971	5267000	168
7/23/2015	72.540001	73.07	71.650002	72.800003	70.809837	3054200	128
7/24/2015	71.610001	72.540001	71.029999	72.400002	69.902	3418800	122
7/27/2015	69.989998	71.510002	69.720001	70.559998	68.320648	4734200	51
7/28/2015	72.849998	73.400002	69.400002	70.209999	71.112419	6230000	65
7/29/2015	76.279999	77.5	73.75	74.949997	74.460617	7818100	137
7/30/2015	76.629997	77.269997	75.519997	76.199997	74.802277	3999800	168
7/31/2015	74.349998	76.160004	74.099998	76.099998	72.576653	4025800	136
8/3/2015	73.220001	74.639999	72.800003	73.610001	71.47361	3829000	189
8/4/2015	74.300003	74.57	73.629997	73.940002	72.527847	4208700	125
8/5/2015	74.010002	76.290001	73.910004	75.400002	72.244774	3898500	70
8/6/2015	76.150002	76.389999	73.150002	73.669998	74.333717	5069400	85
8/7/2015	73.050003	76.760002	72.650002	75.849998	71.307663	4695100	149
8/10/2015	75.699997	75.730003	73.029999	73.32	73.894463	3446800	160
8/11/2015	75.470001	75.669998	73.360001	74.110001	73.669952	3605400	236
8/12/2015	78.099998	78.589996	74.440002	75.330002	76.237213	6121400	168
8/13/2015	76.239998	77.75	76.089996	77.190002	74.421577	4298700	139
8/14/2015	76.25	77.25	75.93	76.260002	74.431328	4217700	80
8/17/2015	76.540001	77.150002	75.620003	76	74.714409	2399800	85
8/18/2015	76.639999	77.260002	75.970001	75.989998	74.812035	2545000	111
8/19/2015	72.379997	76.489998	71.959999	75.870003	70.653633	7351800	166
8/20/2015	71.050003	73.139999	70.730003	72.419998	69.355362	6733200	145
8/21/2015	68.779999	71.230003	68.779999	70.459999	67.139511	6927000	153
8/24/2015	65.550003	67.940002	58.099998	60.400002	63.986557	11059400	125
8/25/2015	63.990002	68.239998	63.970001	67.980003	62.463757	5022600	64
8/26/2015	65.160004	65.93	63.59	65.510002	63.60585	6274900	86
8/27/2015	69.010002	70.199997	66.5	66.879997	67.364014	9018000	120
8/28/2015	70.940002	72.309998	68.519997	68.660004	69.247993	6647100	138
8/31/2015	71.580002	72.25	67.849998	69.639999	69.872719	6993900	156
9/1/2015	68.290001	70.300003	67.650002	69.639999	66.661194	5283600	128
9/2/2015	69.529999	69.580002	67.07	69.290001	67.87162	4221800	136
9/3/2015	69.510002	71.32	68.739998	69.849998	67.852097	4016700	91
9/4/2015	68.339996	69.07	67.610001	68.349998	66.970131	3386000	73
9/8/2015	69.699997	69.790001	67.690002	69.120003	68.302872	3565600	128
9/9/2015	67.199997	70.730003	67.059998	69.699997	65.852982	3980700	120
9/10/2015	67.209999	67.75	66.059998	67.330002	65.862785	4137500	127
9/11/2015	65.650002	66.389999	64.760002	66.199997	64.334061	4574500	204
9/14/2015	65	65.639999	64.480003	65.599998	63.697086	3587800	128
9/15/2015	65.720001	66.489998	65.209999	65.349998	64.402649	2499800	69
9/16/2015	69.139999	69.260002	66.400002	66.43	67.754089	4678700	101
9/17/2015	68.57	70.040001	68.199997	69.07	67.195526	6232900	172
9/18/2015	65.470001	67.699997	65	67.370003	64.157661	6728000	181
9/21/2015	65.860001	66.730003	65.059998	66.269997	64.539848	2564600	177
9/22/2015	64.809998	66.379997	64.330002	64.510002	63.510895	2781100	161
9/23/2015	63.18	65.480003	63.18	65.07	61.913567	4733300	138
9/24/2015	63.700001	64.239998	62.509998	63.099998	62.423141	3459600	76
9/25/2015	62.669998	64.739998	62.029999	64.440002	61.413792	4251900	81
9/28/2015	59.43	61.970001	59.310001	61.869999	58.238731	6347200	173
9/29/2015	59.040001	59.84	58.290001	59.040001	57.856556	4435900	168
9/30/2015	60.389999	60.48	59.07	59.740002	59.179493	3953200	187
10/1/2015	60.950001	62.330002	59.75	61.34	59.728264	4083500	183
10/2/2015	64.110001	64.269997	60.099998	60.34	62.824924	5264100	132
10/5/2015	66.489998	66.989998	64.440002	65.080002	65.157227	5365100	66
10/6/2015	68.650002	68.779999	66.290001	66.720001	67.273926	4978500	57
10/7/2015	69.139999	70.5	67.449997	70	67.754089	5285300	118
10/8/2015	72.330002	72.730003	68.760002	69.010002	70.880165	7105000	227
10/9/2015	72.400002	72.849998	70.910004	72.470001	70.948753	5410000	193
10/12/2015	71.089996	72.739998	69.970001	72.459999	69.665009	4138000	150
10/13/2015	70.580002	72.120003	69.779999	70.529999	69.165237	2961200	171
10/14/2015	71.57	72.260002	70.489998	70.639999	70.135391	4428100	78
10/15/2015	72.959999	72.989998	70.779999	71.419998	71.49752	4103900	99
10/16/2015	73.389999	73.870003	71.720001	73.559998	71.918907	4414000	237
10/19/2015	72.309998	72.940002	71.709999	72.440002	70.86055	4051100	226
10/20/2015	73.290001	73.769997	71.809998	72.120003	71.8209	2867100	177
10/21/2015	71.550003	73.199997	71.43	72.769997	70.115791	2723400	167
10/22/2015	73	73.239998	71.510002	72.050003	71.536713	3318700	129
10/23/2015	72.029999	73.080002	71.300003	72.32	70.586174	4558000	94
10/26/2015	69	71.889999	68.739998	71.660004	67.616913	4821000	93
10/27/2015	65.290001	67.809998	65	67.5	63.981274	8163400	161
10/28/2015	65.550003	67.050003	63.650002	65.290001	64.236076	7213300	166
10/29/2015	67.580002	68.169998	64.830002	65.269997	66.225365	6878300	178
10/30/2015	66.879997	67.919998	65.620003	67.779999	65.539398	5663900	127
11/2/2015	67.379997	67.720001	65.620003	65.839996	66.029373	4522100	125
11/3/2015	70.839996	71.739998	67.769997	67.800003	69.420036	6343900	98
11/4/2015	70.220001	72.099998	68.860001	70.849998	68.812462	4924400	77
11/5/2015	70.099998	71.739998	69.419998	69.709999	68.694855	3208400	167
11/6/2015	68.599998	70.029999	67.900002	69.5	67.224922	3723500	193
11/9/2015	67.900002	69.919998	67.400002	68.93	66.538956	3369600	202
11/10/2015	63.419998	72.239998	63	67.470001	62.148758	17835800	177
11/11/2015	61.009998	64.75	60.220001	64.480003	59.78706	13250400	140
11/12/2015	58.5	60.860001	58.349998	59.880001	57.32737	9300000	64
11/13/2015	60.049999	61.09	57.860001	58.490002	58.846306	9381700	81
11/16/2015	62.110001	62.52	59.540001	60.119999	60.865017	7089700	139
11/17/2015	61.119999	61.860001	60.16	61.84	59.894859	7130000	173
11/18/2015	61.740002	62.560001	60.549999	61.689999	60.502434	4020700	144
11/19/2015	59.639999	61.34	58.849998	61.150002	58.444523	5114300	157
11/20/2015	58.740002	59.849998	58.490002	59.849998	57.562569	4338000	117
11/23/2015	60.349998	60.84	58.349998	58.75	59.140289	6585400	87
11/24/2015	62.02	62.490002	60.849998	60.900002	60.776829	5438300	83
11/25/2015	61.130001	62.240002	61.029999	61.299999	59.904655	2784900	117
11/27/2015	60.709999	61.02	60.130001	60.52	59.493073	2304900	163
11/30/2015	59.900002	62	59.799999	60.880001	58.699318	5533100	158
12/1/2015	60.5	61.189999	59.75	60.09	59.287289	5338800	145
12/2/2015	58.77	60.849998	58.25	59.889999	57.591969	6525600	139
12/3/2015	58.139999	59.880001	57.790001	59.450001	56.974586	6107900	62
12/4/2015	56.810001	57.950001	55.869999	57.41	55.671257	8315600	66
12/7/2015	53.68	54.91	52.77	54.779999	52.855206	11092700	128
12/8/2015	51.82	53.150002	51.220001	52.43	51.023777	9576500	136
12/9/2015	50.830002	53.52	50.349998	51.98	50.048996	8609600	157
12/10/2015	51.23	52.400002	49.889999	50.57	50.442837	8353100	163
12/11/2015	49.549999	50.23	48.709999	50.009998	48.788654	9869800	138
12/14/2015	47.59	49.59	47.349998	49.119999	46.858772	11770300	67
12/15/2015	48.799999	49.200001	47.720001	48.23	48.050179	7060400	71
12/16/2015	47.669998	49.23	47.299999	48.740002	46.937538	7657600	136
12/17/2015	46.73	48.990002	45.91	48.639999	46.011986	13563500	175
12/18/2015	45.669998	47.389999	45.669998	46.470001	44.968273	8659200	166
12/21/2015	46.549999	47.720001	44.5	45.869999	45.834747	13333200	120
12/22/2015	48.549999	48.84	46.360001	46.599998	47.804024	11452800	131
12/23/2015	51.5	51.560001	48.75	49.549999	50.708694	8278800	67
12/24/2015	51.220001	51.740002	50.639999	51.400002	50.432999	2691600	72
12/28/2015	49.689999	50.57	49.049999	50.220001	48.926498	4913400	153
12/29/2015	49.73	50.880001	49.259998	50.57	48.965889	3188000	126
12/30/2015	48.380001	49.93	48.330002	48.790001	47.636631	3534800	139
12/31/2015	48.580002	49.049999	47.970001	48.220001	47.833557	3672300	141
1/4/2016	49.130001	50	48.060001	48.509998	48.375111	5909300	124
1/5/2016	48.52	49.490002	47.75	49.43	47.774483	4130000	75
1/6/2016	43.77	47.099998	43.720001	46.73	43.097466	10750100	102
1/7/2016	40.110001	42.900002	39.799999	41.950001	39.493698	13733200	154
1/8/2016	40.560001	41.900002	39.799999	40.610001	39.93679	11345600	322
1/11/2016	37.75	40.619999	37.52	40.560001	37.169971	10060700	403
1/12/2016	37.330002	38.68	36.16	38.57	36.756424	25166300	244
1/13/2016	34.860001	38.310001	34	38.060001	34.324375	15524700	171
1/14/2016	35	35.68	33.66	35.130001	34.462219	15146700	91
1/15/2016	32.02	33.93	31.85	32.959999	31.528006	15072200	68
1/19/2016	30.85	32.84	30.450001	32.049999	30.375984	13316100	168
1/20/2016	30.540001	31.18	28.16	30.24	30.070749	16346400	146
1/21/2016	33.549999	33.810001	30.030001	30.360001	33.034496	11363200	152
1/22/2016	35.48	36.400002	34.52	35.25	34.934845	13440800	156
1/25/2016	32.310001	35.650002	32.25	34.599998	31.813547	9761600	116
1/26/2016	34.59	34.709999	32.470001	33.23	34.058514	10186700	84
1/27/2016	35.529999	36.639999	33.52	34.009998	34.984077	10505500	94
1/28/2016	37.25	38.77	36.5	37.849998	36.677643	12159700	144
1/29/2016	39.09	39.32	37.27	37.66	38.489372	9588400	117
2/1/2016	38.25	38.68	36.759998	38.540001	37.662277	9735200	117
2/2/2016	39.259998	40.610001	37.630001	37.650002	38.656765	16811900	85
2/3/2016	42.490002	42.52	39.150002	39.939999	41.837139	14322900	108
2/4/2016	41.360001	44.060001	40.599998	42.52	40.724499	13634700	89
2/5/2016	40.77	41.720001	39.459999	40.380001	40.143559	8553000	93
2/8/2016	40.049999	40.349998	37.540001	37.889999	39.434624	8300500	151
2/9/2016	37.240002	39.59	37.049999	38.900002	36.667801	11987500	196
2/10/2016	37.389999	38.080002	36.040001	37.150002	36.815502	10903100	173
2/11/2016	35.68	36.540001	34.669998	35.950001	35.131767	16470300	177
2/12/2016	37.810001	38.259998	35.790001	36.490002	37.229046	7517000	169
2/16/2016	39.09	39.200001	37.709999	38.919998	38.489372	6102300	123
2/17/2016	40.5	41.830002	39.560001	39.799999	39.877712	10239500	112
2/18/2016	37.029999	41.16	36.93	40.849998	36.461025	11708000	196
2/19/2016	35.349998	36	34.240002	36	34.806839	12915000	151
2/22/2016	37.349998	37.43	35.349998	35.349998	36.776112	7094600	155
2/23/2016	35.299999	37.049999	35.150002	36.75	34.757607	6104400	134
2/24/2016	36.209999	36.369999	33.849998	34.400002	35.653625	8671600	128
2/25/2016	37.639999	38.610001	36.93	37.16	37.061653	8400500	78
2/26/2016	38.02	39.470001	37.970001	38.689999	37.435814	7059700	95
2/29/2016	37.950001	38.389999	36.860001	38.07	37.366898	7924200	139
3/1/2016	40.110001	40.639999	37.650002	39.16	39.493698	10922100	130
3/2/2016	42.650002	42.689999	39.73	39.84	41.994675	9839700	130
3/3/2016	42.98	43.450001	41.759998	42.240002	42.319607	9466500	139
3/4/2016	45.259998	45.900002	42.200001	43.439999	44.564571	13165300	97
3/7/2016	45.099998	45.810001	44.200001	44.98	44.456139	9934600	63
3/8/2016	41.139999	44.639999	41	44.549999	40.552673	7708100	63
3/9/2016	42.32	43.490002	40.630001	42.009998	41.715828	7702700	121
3/10/2016	42.5	42.57	40.02	41.799999	41.893257	7024300	145
3/11/2016	46.290001	47.130001	44.099998	44.349998	45.629154	14798300	91
3/14/2016	46.310001	47.150002	45.049999	45.25	45.648872	6291600	66
3/15/2016	47.02	47.080002	44.810001	45.59	46.348732	5491500	62
3/16/2016	48.709999	49.080002	46.5	47.32	48.014606	9017700	88
3/17/2016	49.259998	50.389999	48.959999	49.509998	48.556751	6830800	86
3/18/2016	48.759998	49.939999	47.84	49.689999	48.063885	10288400	86
3/21/2016	48.610001	49.139999	47.080002	48.830002	47.916035	5803800	116
3/22/2016	48.009998	49.169998	47.860001	48.049999	47.324593	4666400	120
3/23/2016	46.290001	48.310001	46.16	47.470001	45.629154	6319000	75
3/24/2016	46.27	46.5	44.34	44.880001	45.60944	9107000	66
3/28/2016	45.630001	46.709999	45.209999	46.610001	44.978577	6189400	61
3/29/2016	46.23	46.380001	44.400002	44.669998	45.570011	5252800	70
3/30/2016	46.389999	47.43	45.48	46.970001	45.727726	5345400	94
3/31/2016	46.57	47.369999	45.860001	46.130001	45.905155	5755300	135
4/1/2016	45.810001	46.139999	45.009998	45.07	45.156013	3379900	128
4/4/2016	44.59	46.639999	44.380001	45.919998	43.953423	4418000	155
4/5/2016	44.099998	44.990002	43.779999	44	43.470413	4394400	136
4/6/2016	45.709999	46.009998	43.52	44.040001	45.05743	9740000	76
4/7/2016	45.75	46.27	45.09	45.419998	45.096859	4398900	72
4/8/2016	48.290001	48.52	47.099998	47.490002	47.600605	5945900	154
4/11/2016	47.529999	49.150002	47.470001	48.77	46.851452	4063900	163
4/12/2016	50.110001	50.540001	47.549999	47.889999	49.394619	5868600	166
4/13/2016	49.32	50.470001	48.700001	49.75	48.615894	4407800	159
4/14/2016	49.459999	49.880001	48.599998	49.669998	48.753891	4230200	152
4/15/2016	48.91	49.849998	48.279999	49.25	48.21175	4429100	118
4/18/2016	50.130001	50.619999	46.75	46.970001	49.41433	4657800	76
4/19/2016	50.529999	51.880001	50.119999	50.740002	49.808624	6730800	164
4/20/2016	50.66	51.619999	49.73	50.439999	49.93676	6909800	189
4/21/2016	50.029999	50.919998	49.110001	50.619999	49.315765	7799500	230
4/22/2016	52.549999	52.73	50.049999	50.139999	51.799786	6365000	241
4/25/2016	51.09	52.380001	50.400002	52.130001	50.36063	5187100	161
4/26/2016	52.360001	52.66	50.75	51.439999	51.612495	5383400	81
4/27/2016	54.779999	55.459999	53.029999	53.029999	53.997948	7606800	82
4/28/2016	53.200001	55.439999	53.029999	54.360001	52.440502	4145400	174
4/29/2016	52.759998	54.59	51.630001	53.830002	52.006786	5051400	164
5/2/2016	51.950001	52.700001	50.900002	52.619999	51.208347	5067500	185
5/3/2016	50.099998	52.150002	49.110001	50.669998	49.384758	9411200	179
5/4/2016	47.02	50.400002	46.93	49.099998	46.348732	9231000	166
5/5/2016	46.099998	48.34	45.869999	48.259998	45.44186	9415800	90
5/6/2016	46.560001	47.68	45.220001	45.639999	45.895302	5660300	98
5/9/2016	44.990002	46.490002	44.810001	46.07	44.347713	4152200	210
5/10/2016	47.009998	47.049999	45.169998	45.290001	46.338871	3926200	269
5/11/2016	47.919998	48.799999	46.380001	46.610001	47.235878	4912400	204
5/12/2016	48.25	49.669998	47.43	48.599998	47.561172	6733600	175
5/13/2016	47.720001	49.110001	47.349998	47.349998	47.038734	6062800	162
5/16/2016	49.169998	49.84	48.48	48.509998	48.468037	7049700	91
5/17/2016	49.740002	50.43	48.950001	49.299999	49.029907	4180800	118
5/18/2016	48.939999	50.23	48.509998	49.669998	48.241314	3620700	241
5/19/2016	49.220001	49.52	47.509998	48.02	48.517326	3792000	475
5/20/2016	49.299999	49.830002	48.720001	49.599998	48.596188	3119400	203
5/23/2016	49.200001	49.48	48.290001	48.889999	48.497601	4003000	167
5/24/2016	50.240002	50.439999	48.950001	49.549999	49.522762	3544100	165
5/25/2016	52.09	52.279999	50.77	50.77	51.346352	6274400	97
5/26/2016	52.279999	53	52.009998	53	51.533638	3943300	82
5/27/2016	51.529999	51.98	51.009998	51.91	50.794346	3883900	130
5/31/2016	51.860001	53	51.540001	51.950001	51.119633	4306400	167
6/1/2016	52.400002	52.509998	50.720001	51.860001	51.651924	4015000	187
6/2/2016	51.689999	51.84	50.599998	51.529999	50.952061	3681200	177
6/3/2016	51.439999	52.209999	50.759998	51.82	50.705624	3144900	147
6/6/2016	53.279999	53.450001	51.93	52	52.570465	3572600	69
6/7/2016	55.220001	56	53.400002	53.669998	54.484634	6954000	101
6/8/2016	55.18	57	54.900002	56.240002	54.44516	4169100	149
6/9/2016	54.48	55.119999	54.080002	54.32	53.754482	2959900	152
6/10/2016	53	53.849998	52.860001	53.549999	52.294189	5043300	160
6/13/2016	53.080002	54.009998	52.18	52.509998	52.373131	3904200	179
6/14/2016	53.700001	53.799999	52.41	52.630001	52.984863	3187400	186
6/15/2016	53.380001	54.240002	52.75	53.490002	52.669132	2955000	87
6/16/2016	53.299999	53.439999	51.630001	52.529999	52.590195	4469000	81
6/17/2016	54.860001	55.150002	54.099998	54.439999	54.129425	4845100	143
6/20/2016	54.849998	56.259998	54.650002	55.889999	54.119553	4383900	185
6/21/2016	55.509998	55.75	54.240002	54.740002	54.770763	2216500	221
6/22/2016	54.389999	55.630001	54.34	55.389999	53.665676	2390800	229
6/23/2016	55.52	55.599998	54.34	55.25	54.780628	3792900	167
6/24/2016	52.830002	53.299999	51.970001	52.66	52.126461	8010900	99
6/27/2016	49.5	52.220001	48.669998	52.080002	48.840801	8104700	85
6/28/2016	51.130001	51.380001	50.330002	50.990002	50.449093	5095100	136
6/29/2016	53.189999	53.66	51.900002	52.119999	52.481659	5373500	159
6/30/2016	53.25	53.610001	52.060001	53.099998	52.540863	4838200	151
7/1/2016	54.889999	55.150002	53.099998	53.790001	54.159019	4387300	248
7/5/2016	53.610001	53.880001	52.540001	53.41	52.896065	3952400	294
7/6/2016	55.189999	55.25	53.07	53.110001	54.455025	4432600	127
7/7/2016	55.220001	57.349998	54.639999	55.93	54.484634	4831400	97
7/8/2016	55.91	56.849998	55.470001	56.240002	55.16544	4035300	224
7/11/2016	55.860001	56.59	55.349998	56.169998	55.116108	2990400	249
7/12/2016	57.419998	58.040001	56.799999	56.880001	56.655327	4353900	230
7/13/2016	56.099998	57.599998	55.490002	57.43	55.352905	4856800	215
7/14/2016	55.52	56.919998	55.43	56.830002	54.780628	3397400	240
7/15/2016	55.009998	55.880001	54.689999	55.830002	54.27742	4280100	179
7/18/2016	55.099998	55.240002	53.950001	54.73	54.366222	4760500	149
7/19/2016	53.849998	54.970001	53.459999	54.880001	53.132874	4321900	227
7/20/2016	54.52	54.790001	53.029999	53.360001	53.793953	4051100	153
7/21/2016	54.169998	55.470001	53.790001	54.560001	53.448608	3944500	140
7/22/2016	54.639999	55.110001	54.259998	54.900002	53.91235	3342700	121
7/25/2016	53.869999	54.419998	53.099998	54.130001	53.152607	4483300	184
7/26/2016	54.740002	54.77	53.16	53.259998	54.011024	3418200	74
7/27/2016	53.799999	56.09	53.080002	55.07	53.083538	5650700	78
7/28/2016	53.360001	54.68	52.959999	53.799999	52.649399	6067800	126
7/29/2016	54.529999	54.630001	52.32	52.779999	53.803814	5355300	156
8/1/2016	51.849998	54	51.439999	53.880001	51.159508	6163400	224
8/2/2016	51.630001	52.990002	50.369999	52.369999	50.942432	4756700	127
8/3/2016	52.68	52.68	51.110001	51.779999	51.978455	3969300	97
8/4/2016	51.27	53.099998	51.060001	52.389999	50.587234	5442000	82
8/5/2016	52.77	53.049999	50.23	51.419998	52.067249	6992500	84
8/8/2016	53.049999	54.25	53.029999	53.330002	52.343529	4532900	123
8/9/2016	52.75	53.490002	52.130001	53.290001	52.047523	5028800	366
8/10/2016	52.630001	53.689999	52.400002	53.09	51.929119	3563600	142
8/11/2016	54.009998	54.41	52.450001	53.16	53.290737	3659000	112
8/12/2016	54.279999	55.060001	54	54.389999	53.557148	3710200	129
8/15/2016	54.599998	55.040001	54.25	54.919998	53.872887	2877500	88
8/16/2016	54.150002	54.57	53.09	54.52	53.428875	3929400	79
8/17/2016	54.380001	54.459999	53.59	54.09	53.655811	2522500	135
8/18/2016	55.939999	55.950001	54.41	54.799999	55.195034	4891300	156
8/19/2016	54.830002	55.700001	54.48	55.639999	54.099819	3165400	161
8/22/2016	54.27	54.299999	53.439999	54.049999	53.547279	3159000	174
8/23/2016	56.049999	56.200001	54.060001	54.25	55.30357	3421900	104
8/24/2016	54.16	56.040001	53.950001	55.650002	53.438744	4292400	87
8/25/2016	55.150002	55.41	53.810001	54.389999	54.415558	2760000	75
8/26/2016	55.259998	56.07	54.84	55.23	54.524094	2594500	134
8/29/2016	56.220001	56.25	54.68	54.919998	55.47131	2503500	134
8/30/2016	55.779999	57.18	55.32	57.18	55.037174	3252400	136
8/31/2016	53.470001	55.349998	53.25	55.27	52.757938	5256700	136
9/1/2016	53.540001	54.02	52.599998	53.119999	52.827	5195600	128
9/2/2016	56.490002	56.77	54.119999	54.279999	55.737717	6095500	123
9/6/2016	57.189999	57.290001	56.150002	56.549999	56.428391	3587000	154
9/7/2016	57.18	58.5	56.830002	57.5	56.418526	4185000	211
9/8/2016	59.060001	59.25	57.779999	57.919998	58.273487	4252300	152
9/9/2016	57.77	58.900002	57.439999	58.259998	57.000668	4632600	128
9/12/2016	57.790001	58.23	56.490002	57.220001	57.069798	3139400	116
9/13/2016	57.59	58.169998	55.919998	56.060001	56.872288	33186600	105
9/14/2016	55.619999	59.07	55.369999	57.900002	54.926842	14741600	74
9/15/2016	56.93	57.290001	55.939999	56.740002	56.220512	6958100	67
9/16/2016	57.52	57.68	55.799999	56.040001	56.803162	5478000	271
9/19/2016	57.52	58.52	57.419998	58.18	56.803162	4787700	128
9/20/2016	58.279999	59.169998	57.240002	57.5	57.553688	6383600	121
9/21/2016	61.060001	61.25	59.389999	59.5	60.299042	8091500	126
9/22/2016	61.209999	62.549999	60.450001	62	60.44717	8906600	114
9/23/2016	59.5	61.59	58.540001	60.799999	58.758488	11432700	75
9/26/2016	58.540001	60.080002	58.459999	59.68	57.810448	5942300	66
9/27/2016	58.27	58.490002	57.279999	58.16	57.543816	6082700	140
9/28/2016	61.27	61.560001	57.970001	58.860001	60.506428	7397600	122
9/29/2016	62.580002	63.349998	61.009998	61.209999	61.800106	9805600	139
9/30/2016	63.360001	63.84	62.5	63.169998	62.570381	8027600	113
10/3/2016	63.419998	63.720001	62.330002	63.18	62.629627	4690800	106
10/4/2016	63.470001	64.129997	62.529999	63.98	62.679008	6739500	87
10/5/2016	64.139999	65.050003	63.830002	64.360001	63.340664	5628000	45
10/6/2016	63.849998	64.919998	63.119999	64.559998	63.054272	4537700	130
10/7/2016	63.459999	64.370003	62.970001	64.050003	62.669136	2689200	128
10/10/2016	64.389999	64.949997	63.959999	64.290001	63.587547	3242800	150
10/11/2016	63.720001	64.540001	63.299999	64.199997	62.925896	4677700	155
10/12/2016	63.93	64.330002	62.919998	63.419998	63.133274	3210600	119
10/13/2016	64.07	64.370003	62.720001	64.019997	63.271538	3800800	87
10/14/2016	63.369999	64.730003	63.169998	64.5	62.580257	2592300	80
10/17/2016	62.509998	63.349998	61.93	63.23	61.730972	3829600	125
10/18/2016	62.970001	63.650002	62.299999	63.459999	62.185238	2825100	141
10/19/2016	63.93	65.080002	63.630001	63.799999	63.133274	3814100	157
10/20/2016	63.759998	63.91	62.41	63.330002	62.965401	5115700	147
10/21/2016	63.540001	63.860001	62.810001	63.259998	62.748135	4063500	121
10/24/2016	62.990002	63.59	61.77	63.400002	62.204994	3030500	52
10/25/2016	61.049999	63.299999	60.98	62.810001	60.289165	3414300	55
10/26/2016	60.900002	62.110001	60.040001	60.48	60.141041	5089700	102
10/27/2016	61.419998	63.5	60.509998	61.459999	60.654556	7811700	128
10/28/2016	61.459999	62	60.48	61.459999	60.694057	5738200	127
10/31/2016	59.439999	61.459999	59.349998	61.459999	58.69923	5883800	104
11/1/2016	59.950001	61.419998	58.779999	60.150002	59.202881	7891600	116
11/2/2016	60.139999	60.66	58.700001	59.5	59.390511	6421300	52
11/3/2016	60.25	60.869999	59.630001	60.509998	59.499138	4534500	62
11/4/2016	58.619999	60.549999	58.59	60.02	57.88945	5966800	131
11/7/2016	60.209999	60.32	59.27	59.959999	59.459641	5216600	141
11/8/2016	59.73	60.310001	59.32	59.599998	58.985619	4352500	131
11/9/2016	61.189999	61.639999	58.939999	59.5	60.427429	6080100	148
11/10/2016	61.869999	62.240002	60.470001	60.98	61.098949	3459100	98
11/11/2016	61.040001	62.009998	60.560001	61.599998	60.279293	2934100	108
11/14/2016	60.5	61.200001	59.080002	60.84	59.746021	3779400	67
11/15/2016	62.560001	63.009998	61.060001	61.580002	61.78035	9026100	122
11/16/2016	61.939999	63.5	61.630001	62.5	61.168076	3275000	113
11/17/2016	61.450001	63.09	60.900002	62.540001	60.684181	3862400	114
11/18/2016	61.509998	62.34	61.220001	61.43	60.743439	3659800	102
11/21/2016	64.029999	64.790001	62.669998	62.869999	63.232029	4781800	91
11/22/2016	64.050003	64.290001	62.299999	64.029999	63.251781	4510500	74
11/23/2016	65	65.470001	63.389999	63.549999	64.189949	3393700	68
11/25/2016	63.75	64.760002	62.970001	64.400002	62.955528	2425400	112
11/28/2016	62	64.57	61.880001	64.57	61.227329	4091900	123
11/29/2016	60.16	60.75	59.040001	60.639999	59.410259	6681800	145
11/30/2016	69.150002	69.480003	63.720001	63.860001	68.288223	15639200	115
12/1/2016	68.589996	71.099998	68.199997	70.769997	67.735207	7815900	89
12/2/2016	68.559998	69.470001	68.050003	68.410004	67.705574	3669000	54
12/5/2016	68.290001	69.809998	68.18	69.5	67.43895	3998500	64
12/6/2016	68.209999	68.559998	66.510002	67.400002	67.35994	4115400	122
12/7/2016	69.269997	69.300003	67.730003	67.730003	68.406715	4812200	125
12/8/2016	70.260002	70.309998	68.519997	69.849998	69.384392	3800300	132
12/9/2016	70.470001	70.900002	70.019997	70.75	69.591766	4410900	128
12/12/2016	70.790001	73.330002	70.480003	72.919998	69.95742	4777600	126
12/13/2016	72.690002	72.730003	70.650002	71.739998	71.835083	7528800	70
12/14/2016	70.68	72.5	70.07	72.110001	69.848717	5383100	101
12/15/2016	70.330002	70.889999	69.519997	70	69.502846	5138200	88
12/16/2016	70.610001	71.32	70.110001	70.879997	69.779541	8131600	113
12/19/2016	71.370003	71.599998	70.419998	70.949997	70.530602	2698100	107
12/20/2016	70.970001	72.209999	70.660004	71.610001	70.135307	4521000	144
12/21/2016	70.75	71.529999	70.279999	71.43	69.9179	2430400	86
12/22/2016	70.769997	71.519997	70.540001	71.160004	69.93766	2729900	47
12/23/2016	71.25	71.410004	70.540001	70.739998	70.41201	1800000	67
12/27/2016	71.540001	72.139999	71.199997	71.449997	70.698601	1875900	122
12/28/2016	70.639999	71.900002	70.440002	71.709999	69.809181	2095800	128
12/29/2016	70.110001	70.620003	69.629997	70.540001	69.285416	2324100	115
12/30/2016	69.730003	70.790001	69.510002	70.07	68.909897	2447300	128
1/3/2017	70.25	71.760002	69.400002	70.559998	69.423759	3980000	101
1/4/2017	70.809998	71	69.760002	70.330002	69.97718	3681100	38
1/5/2017	71.610001	72	70.629997	71.110001	70.767776	3872800	69
1/6/2017	71.739998	72.260002	70.879997	72	70.896248	5757400	120
1/9/2017	69.980003	71.620003	69.860001	71	69.15696	4166100	121
1/10/2017	69.580002	70.300003	69.300003	70.139999	68.761658	4141600	131
1/11/2017	71.599998	71.629997	69.230003	69.940002	70.757896	3383900	124
1/12/2017	71.489998	72.32	71	72.139999	70.649193	3132700	85
1/13/2017	71.239998	71.910004	70.669998	71	70.40213	2632900	58
1/17/2017	70.720001	71.760002	70.519997	71.669998	69.888245	2544200	73
1/18/2017	69.889999	70.480003	69.209999	70	69.068016	4029900	133
1/19/2017	70.18	70.68	69.629997	69.970001	69.354607	3678700	147
1/20/2017	70.029999	71.290001	69.720001	70.949997	69.20636	3351400	149
1/23/2017	69.860001	70.080002	69.18	69.580002	69.038361	2592300	136
1/24/2017	71.18	71.879997	70.07	70.470001	70.342834	3449800	98
1/25/2017	70.669998	71.860001	70.559998	71.120003	69.838837	3592400	81
1/26/2017	71.139999	71.970001	70.639999	70.949997	70.303299	2931000	82
1/27/2017	70.010002	70.849998	69.82	70.730003	69.186607	2474100	126
1/30/2017	68.830002	69.75	67.370003	69.75	68.020462	4463000	160
1/31/2017	69.529999	69.690002	67.949997	68.900002	68.712242	5373800	168
2/1/2017	68.360001	71.25	67.239998	70.269997	67.556	6303400	138
2/2/2017	69.099998	69.599998	67.410004	68.550003	68.287292	5207500	97
2/3/2017	70.400002	70.830002	68.830002	68.830002	69.572006	4969300	59
2/6/2017	69.099998	70.870003	68.779999	70.5	68.287292	3189800	67
2/7/2017	67.139999	68.809998	66.830002	68.519997	66.350342	4495000	143
2/8/2017	67.150002	67.620003	65.599998	66.5	66.360237	4179300	118
2/9/2017	68.419998	68.660004	67.669998	67.860001	67.615295	2824200	110
2/10/2017	69.339996	70	68.790001	68.970001	68.524483	4513000	113
2/13/2017	68.139999	68.970001	67.75	68.860001	67.3386	3069400	102
2/14/2017	68.330002	68.410004	66.860001	68.290001	67.526352	3485300	40
2/15/2017	67.519997	68.400002	67.190002	68.269997	66.725883	5561000	47
2/16/2017	66.599998	67.970001	66.440002	67.809998	65.816704	4962200	122
2/17/2017	66.769997	66.940002	65.900002	65.989998	65.984695	3455900	135
2/21/2017	67.209999	68.089996	67.129997	67.830002	66.419525	3858100	120
2/22/2017	65.839996	67.290001	65.75	66.629997	65.065636	5040600	134
2/23/2017	65.980003	67.139999	65.349998	66.870003	65.203995	3308300	124
2/24/2017	64.769997	66.239998	64.360001	65.300003	64.008224	4833000	66
2/27/2017	64.900002	65.650002	64.279999	65.089996	64.136688	5338700	69
2/28/2017	64.650002	64.809998	64	64.669998	63.889633	4246000	119
3/1/2017	66.019997	66.660004	65.169998	65.489998	65.243515	3908400	115
3/2/2017	64.089996	65.550003	64.050003	65.239998	63.33622	4619300	151
3/3/2017	63.209999	64.110001	62.619999	64.110001	62.466568	7084400	151
3/6/2017	63.25	63.389999	62.310001	62.84	62.555584	4957600	117
3/7/2017	63.16	63.389999	62.57	63.040001	62.466568	4934800	58
3/8/2017	61.400002	63.57	61.18	62.650002	60.725899	7999300	70
3/9/2017	61.939999	62.240002	60.630001	61.02	61.259964	5747700	176
3/10/2017	61.889999	62.41	61.279999	62.130001	61.210514	4391900	185
3/13/2017	62.82	62.84	61.75	61.779999	62.130302	4240200	154
3/14/2017	61.810001	62	60.91	62	61.131393	4492000	110
3/15/2017	64.080002	64.150002	61.939999	62.689999	63.376469	5356400	122
3/16/2017	63.400002	64.169998	62.93	64	62.703938	2983900	84
3/17/2017	63.25	63.950001	63.189999	63.549999	62.555584	3666900	92
3/20/2017	62.84	63.029999	62.040001	62.619999	62.150089	3419200	109
3/21/2017	61.82	63.25	61.59	63.080002	61.141285	3048100	137
3/22/2017	61.630001	62.060001	61.099998	61.34	60.953373	2543000	149
3/23/2017	60.790001	61.599998	60.459999	61.34	60.122593	4039200	172
3/24/2017	60.34	61.330002	60.150002	61.049999	59.677532	3559000	147
3/27/2017	59.939999	60.259998	59.34	59.599998	59.281921	3512400	100
3/28/2017	61.139999	61.419998	60	60.240002	60.468746	4473500	80
3/29/2017	62.450001	62.560001	61.07	61.099998	61.76437	3912200	200
3/30/2017	62.169998	63.299999	62.060001	63.110001	61.487438	5742300	292
3/31/2017	62	62.709999	61.540001	62.189999	61.319305	3782000	191
4/3/2017	61.790001	62.220001	61.009998	61.900002	61.111614	2581000	164
4/4/2017	62.709999	62.759998	61.459999	62.02	62.021507	3131800	160
4/5/2017	62.849998	64.150002	62.549999	63.27	62.159969	6442900	97
4/6/2017	62.889999	63.610001	62.549999	63.119999	62.199539	2673100	99
4/7/2017	62.43	63.080002	62.279999	63.07	61.744591	2205100	175
4/10/2017	62.889999	63.25	62.639999	62.709999	62.199539	2239400	347
4/11/2017	62.900002	62.93	61.650002	62.830002	62.209427	2864500	165
4/12/2017	62.540001	63.549999	62.16	63.07	61.853382	2470800	273
4/13/2017	61.09	62.779999	60.84	62.459999	60.419304	4660900	128
4/17/2017	61.209999	61.349998	60.540001	60.880001	60.537975	3240200	82
4/18/2017	60.41	61.459999	60.25	60.68	59.746765	3353600	87
4/19/2017	59.130001	60.779999	58.91	60.66	58.480816	4384600	183
4/20/2017	59	59.950001	59	59.310001	58.352245	3789800	167
4/21/2017	59.290001	59.759998	58.43	58.759998	58.639057	3720300	188
4/24/2017	59.369999	59.830002	58.98	59.830002	58.718182	3273900	162
4/25/2017	60.080002	60.220001	59.07	59.380001	59.420391	3000900	127
4/26/2017	59.959999	61.18	59.5	59.580002	59.301704	2745000	97
4/27/2017	57.119999	58.880001	55.57	58.700001	56.492882	14106200	104
4/28/2017	57.02	57.849998	56.970001	57.540001	56.393982	4959100	162
5/1/2017	56.669998	57.439999	56.669998	56.93	56.047825	4931200	140
5/2/2017	56.279999	57.27	55.650002	56.810001	55.662106	5537300	170
5/3/2017	51.950001	52.52	50.990002	52.060001	51.379646	22118200	148
5/4/2017	51.939999	52.799999	51.099998	51.419998	51.369755	10684000	142
5/5/2017	52.59	53.029999	51.880001	52.16	52.012619	6212400	94
5/8/2017	52.310001	52.799999	51.700001	52.509998	51.735695	6541000	94
5/9/2017	51.330002	52.52	51.040001	52.349998	50.766453	7827500	153
5/10/2017	52.080002	52.240002	51.290001	51.830002	51.508217	9138300	128
5/11/2017	51.540001	52.43	51.349998	52.34	50.974148	6033900	128
5/12/2017	51.630001	51.889999	51.32	51.43	51.06316	4203300	145
5/15/2017	51.880001	52.75	51.759998	52.639999	51.310413	5220800	131
5/16/2017	51.75	52.380001	51.32	52.189999	51.181843	5155600	83
5/17/2017	51.740002	52.099998	51.189999	51.75	51.171951	4863900	72
5/18/2017	52.080002	52.540001	51.32	51.490002	51.508217	5418900	151
5/19/2017	53.299999	53.700001	52.529999	52.610001	52.714825	5718700	147
5/22/2017	53.349998	54.220001	52.73	54.220001	52.764275	4709400	133
5/23/2017	53.57	53.709999	53.009998	53.189999	52.981861	4333700	139
5/24/2017	53.349998	53.98	53.02	53.369999	52.764275	3415200	125
5/25/2017	52.07	53.860001	51.66	53.169998	51.498325	3950900	59
5/26/2017	51.84	51.939999	50.700001	51.709999	51.270851	6205500	66
5/30/2017	50.77	51.529999	50.740002	51.380001	50.212601	5087800	143
5/31/2017	50.529999	51.16	50	50.330002	49.975235	5511900	113
6/1/2017	51.110001	51.5	50.369999	50.73	50.54887	3491800	143
6/2/2017	50.060001	50.68	49.630001	50.669998	49.510395	5038500	164
6/5/2017	49.639999	50.369999	49.5	49.900002	49.095005	4163200	117
6/6/2017	50.099998	50.450001	49.139999	49.560001	49.54995	4523200	65
6/7/2017	47.169998	50.080002	47.040001	49.849998	46.652126	8372100	83
6/8/2017	46.630001	47.869999	46.540001	47.169998	46.118053	5144600	133
6/9/2017	47.98	48.389999	46.77	46.82	47.453228	4109400	150
6/12/2017	48.299999	48.959999	48.299999	48.580002	47.819557	5192800	137
6/13/2017	49.220001	49.34	48.150002	48.41	48.730404	5173700	138
6/14/2017	47.279999	48.459999	46.860001	48.349998	46.8097	6475800	118
6/15/2017	46.110001	47.419998	45.84	46.959999	45.65134	5321200	52
6/16/2017	47.040001	47.060001	45.869999	46.360001	46.572086	5662400	73
6/19/2017	46.700001	47.110001	46.540001	46.860001	46.23547	4175700	149
6/20/2017	46.290001	46.52	45.5	45.77	45.829548	5489500	164
6/21/2017	45.349998	46.619999	45.139999	46.169998	44.898895	5060200	106
6/22/2017	45.09	46.169998	45.040001	45.419998	44.641483	4792900	111
6/23/2017	45.5	45.93	45.099998	45.209999	45.047405	5413200	91
6/26/2017	44.919998	45.75	44.880001	45.619999	44.473179	4575500	73
6/27/2017	43.799999	45.509998	43.689999	45.349998	43.364315	8645800	90
6/28/2017	43.790001	44.330002	43.450001	43.91	43.354416	7134700	143
6/29/2017	45.25	45.82	43.959999	44.060001	44.799892	8356900	159
6/30/2017	45.34	45.990002	44.93	45.66	44.888996	5344700	153
7/3/2017	46.099998	46.259998	45.470001	45.5	45.641438	2547900	130
7/5/2017	44.810001	45.82	44.549999	45.810001	44.364269	4126700	115
7/6/2017	43.619999	45.009998	43.509998	44.91	43.186104	7640700	67
7/7/2017	43.360001	43.560001	42.580002	43.439999	42.928692	4923900	79
7/10/2017	43.59	43.759998	43.049999	43.27	43.156403	3487600	160
7/11/2017	43.639999	44.119999	43.150002	43.59	43.205906	4063900	122
7/12/2017	43.82	44.380001	43.259998	44.18	43.384113	4783200	107
7/13/2017	44.450001	44.470001	43.57	43.68	44.007851	4482900	84
7/14/2017	44.73	45.02	44.450001	44.630001	44.285065	4911800	77
7/17/2017	45.220001	45.77	44.580002	44.610001	44.770195	4900200	77
7/18/2017	43.77	45.650002	43.459999	45.5	43.334614	5071700	71
7/19/2017	44.91	44.970001	43.52	43.68	44.463276	6986500	138
7/20/2017	43.84	45.439999	43.790001	45.279999	43.403919	5833300	141
7/21/2017	44.060001	44.169998	43.470001	44.009998	43.621731	5891200	169
7/24/2017	44.209999	44.610001	43.950001	44.189999	43.770241	5152900	146
7/25/2017	45.720001	46.400002	44.59	44.799999	45.265217	8885500	115
7/26/2017	45.169998	46.43	45.099998	46.139999	44.720684	5164600	67
7/27/2017	47.32	47.369999	45.130001	45.57	46.8493	7007500	69
7/28/2017	46.32	47.950001	46.220001	47.25	45.859245	5827100	154
7/31/2017	45.669998	46.27	45.490002	46.119999	45.215714	4135700	138
8/1/2017	44.700001	45.73	44.509998	45.599998	44.255363	4391000	145
8/2/2017	44.66	45.080002	43.889999	44.279999	44.215763	4627100	151
8/3/2017	43.77	44.689999	43.470001	44.630001	43.334614	6639000	111
8/4/2017	44.889999	44.959999	43.720001	43.720001	44.443474	4610500	80
8/7/2017	44.369999	44.59	43.810001	44.540001	43.928646	3885700	69
8/8/2017	44.209999	45.07	43.990002	44.099998	43.770241	5214200	149
8/9/2017	44.099998	44.900002	43.669998	44.32	43.661327	5206400	178
8/10/2017	43.700001	44.77	43.549999	44.310001	43.265312	4174300	121
8/11/2017	43.540001	44.040001	43.18	43.57	43.106907	3788100	125
8/14/2017	43.02	43.630001	42.889999	43.619999	42.592079	4024100	100
8/15/2017	43.240002	43.299999	42.509998	42.919998	42.809887	4112100	71
8/16/2017	42.529999	43.540001	42.360001	43.27	42.106945	6167300	90
8/17/2017	41.720001	42.68	41.639999	42.290001	41.305008	5738000	124
8/18/2017	42.169998	42.450001	41.220001	41.619999	41.750526	5240600	131
8/21/2017	42.049999	42.470001	41.700001	41.970001	41.631721	3677100	140
8/22/2017	42.27	42.380001	42.02	42.209999	41.849529	3548000	135
8/23/2017	42.98	43.439999	41.990002	42.16	42.552471	3401900	95
8/24/2017	42.650002	42.869999	42.470001	42.740002	42.225754	3917600	83
8/25/2017	42.360001	42.98	42.290001	42.84	41.938641	3053400	75
8/28/2017	41.27	42.439999	40.720001	42.220001	40.859482	4321200	82
8/29/2017	40.709999	41.009998	39.959999	40.98	40.305054	5420200	104
8/30/2017	40.52	40.77	40.029999	40.330002	40.116943	3042700	97
8/31/2017	40.93	41.330002	40.470001	40.869999	40.522865	4414300	101
9/1/2017	41.490002	41.669998	40.41	40.990002	41.077297	3339900	95
9/5/2017	41.48	42.130001	41.110001	41.849998	41.067394	3360500	66
9/6/2017	42.349998	42.669998	41.68	41.700001	41.928738	5457300	66
9/7/2017	42.169998	42.400002	41.68	42.279999	41.750526	3105700	118
9/8/2017	40.919998	41.970001	40.540001	41.970001	40.512959	3330200	142
9/11/2017	41.02	41.450001	40.639999	41.099998	40.611973	3378200	133
9/12/2017	41.759998	42.27	41.119999	41.25	41.395065	3756200	140
9/13/2017	43.130001	43.139999	42.02	42.02	42.753094	5897400	110
9/14/2017	43.529999	44.119999	43.130001	43.400002	43.149593	4868300	91
9/15/2017	43.549999	43.77	43.279999	43.540001	43.169422	4328000	81
9/18/2017	43.759998	43.950001	43.259998	43.470001	43.377583	2684200	153
9/19/2017	43.759998	44.119999	43.41	43.740002	43.377583	2635700	120
9/20/2017	44.810001	45.240002	43.970001	44	44.418411	4644300	169
9/21/2017	48.490002	48.560001	47.040001	48.200001	48.066257	15965500	171
9/22/2017	48.830002	49.450001	47.950001	48.470001	48.403282	7701300	202
9/25/2017	49.93	50.150002	49.18	49.459999	49.493668	6266900	150
9/26/2017	49.880001	50.16	49.130001	49.389999	49.444107	5095100	146
9/27/2017	49.060001	50.139999	48.860001	50.049999	48.631271	6061700	210
9/28/2017	48.880001	49.52	48.619999	49.150002	48.452843	4337500	192
9/29/2017	48.849998	48.880001	48.189999	48.599998	48.423103	4046400	161
10/2/2017	49.380001	49.599998	47.360001	47.880001	48.948475	9266600	164
10/3/2017	49.27	49.580002	48.919998	49.369999	48.839432	6261900	125
10/4/2017	49.419998	50.099998	49.060001	49.369999	48.988121	5369200	110
10/5/2017	49.049999	49.799999	48.970001	49.470001	48.621361	6113000	101
10/6/2017	48.639999	49.18	48.330002	48.82	48.214939	6587600	150
10/9/2017	48.860001	48.98	48.349998	48.639999	48.433018	5051000	165
10/10/2017	48.41	49.810001	48.330002	49.279999	47.986954	4937300	156
10/11/2017	48.389999	48.720001	48.02	48.43	47.967125	3758000	157
10/12/2017	47.73	48.259998	47.389999	47.860001	47.312889	4954200	148
10/13/2017	47.790001	48.509998	47.66	48.18	47.372368	4035200	88
10/16/2017	48.450001	48.540001	47.84	48.060001	48.0266	4361500	99
10/17/2017	48.900002	48.91	47.950001	48.34	48.472672	4374800	158
10/18/2017	48.77	49.52	48.41	48.73	48.343807	5619300	169
10/19/2017	48.669998	49.73	48.52	48.549999	48.244678	5751000	185
10/20/2017	49.009998	49.16	48.630001	48.880001	48.581703	4590600	132
10/23/2017	48.099998	49.389999	48.080002	49.200001	47.679661	5488800	125
10/24/2017	48.049999	48.880001	47.77	48.41	47.630096	6989100	89
10/25/2017	47.68	48.130001	47.349998	47.84	47.263332	5822300	88
10/26/2017	47.689999	48	46.75	47.68	47.273243	5328900	139
10/27/2017	48.810001	48.830002	47.060001	47.290001	48.383457	6509200	166
10/30/2017	48.689999	49.43	48.52	49.07	48.264503	5775300	151
10/31/2017	49.369999	49.490002	48.009998	48.23	48.938564	6857200	153
11/1/2017	50.139999	51.02	49.16	49.639999	49.701832	9065700	99
11/2/2017	49.389999	50.360001	48.82	49.860001	48.958385	6414900	95
11/3/2017	49.509998	49.880001	49.139999	49.32	49.077339	6537100	95
11/6/2017	51.830002	51.84	49.560001	49.799999	51.377068	7401200	143
11/7/2017	51.080002	52.169998	50.599998	52.009998	50.633621	6931600	161
11/8/2017	51.16	51.59	50.349998	51	50.712921	4630100	123
11/9/2017	51.400002	51.830002	50.849998	51.02	50.950825	4230100	134
11/10/2017	51.110001	51.470001	50.349998	51.220001	50.663357	5004700	126
11/13/2017	50.23	51.549999	49.869999	51.049999	49.791046	11018100	94
11/14/2017	48.049999	49.84	47.880001	49.709999	47.630096	8113200	101
11/15/2017	47.619999	48.080002	47.02	47.709999	47.203854	7143900	134
11/16/2017	47.5	48.130001	47.009998	47.59	47.084904	5820400	154
11/17/2017	48.150002	48.330002	47.740002	47.889999	47.729221	6102800	121
11/20/2017	48.310001	48.57	47.419998	47.860001	47.887825	3632400	133
11/21/2017	48.02	48.560001	47.73	48.459999	47.600357	5259800	136
11/22/2017	48.349998	48.57	48.130001	48.389999	47.927475	5948700	86
11/24/2017	48.110001	48.700001	47.950001	48.639999	47.689575	2079100	68
11/27/2017	47.689999	47.959999	47.360001	47.959999	47.273243	4839800	162
11/28/2017	47.77	47.900002	47.380001	47.759998	47.352543	2813400	121
11/29/2017	47.880001	48.48	47.52	47.700001	47.461582	3802100	111
11/30/2017	48.09	49.029999	47.799999	48.34	47.669746	9469500	166
12/1/2017	48.720001	49.830002	48.439999	48.599998	48.294243	8414500	133
12/4/2017	48.59	49.34	48.330002	48.580002	48.165379	4468500	57
12/5/2017	48.259998	48.630001	47.779999	48.470001	47.838261	2884900	78
12/6/2017	47.110001	48.040001	46.84	47.93	46.698311	7328200	148
12/7/2017	47.32	47.43	46.799999	47	46.906475	4665300	154
12/8/2017	47.919998	48.220001	47.43	47.75	47.501232	6163300	166
12/11/2017	48.299999	48.549999	47.950001	48.119999	47.877911	4074600	170
12/12/2017	48.540001	49.349998	48.07	48.849998	48.16568	6886800	149
12/13/2017	48.259998	48.68	47.93	48.57	47.887836	4412700	90
12/14/2017	47.889999	48.25	47.369999	47.919998	47.520687	5013600	98
12/15/2017	47.52	48.369999	47.389999	48.330002	47.153542	9229400	171
12/18/2017	48.529999	48.93	47.540001	47.689999	48.155754	4738000	152
12/19/2017	49.389999	50.130001	48.669998	48.860001	49.009121	5714900	140
12/20/2017	50.73	51.139999	49.400002	49.939999	50.338791	7822100	125
12/21/2017	51.959999	52.880001	50.52	50.52	51.559303	7677800	144
12/22/2017	52.93	53.459999	51.939999	51.990002	52.521824	5371700	104
12/26/2017	54.099998	54.450001	53.150002	53.200001	53.682796	5259000	67
12/27/2017	53.779999	54.259998	53.75	54.099998	53.365265	3869300	159
12/28/2017	53.759998	54.060001	53.529999	53.779999	53.345421	2665400	151
12/29/2017	53.639999	54.119999	53.43	53.98	53.226345	2546300	155
1/2/2018	54.77	54.849998	54	54.130001	54.347633	3829900	141
1/3/2018	54.77	55.459999	54.650002	54.700001	54.347633	4328300	136
1/4/2018	55.650002	55.669998	54.259998	54.939999	55.220848	4500800	100
1/5/2018	55.02	55.73	54.57	55.400002	54.595703	3920800	79
1/8/2018	55.389999	55.560001	54.650002	54.970001	54.962852	4765000	191
1/9/2018	55.52	55.919998	55.25	55.66	55.09185	4637000	184
1/10/2018	55.41	56.52	55.369999	55.610001	54.9827	4625000	162
1/11/2018	58.5	59.040001	55.580002	55.779999	58.04887	11122200	154
1/12/2018	58.98	59.169998	58.189999	58.82	58.525169	4907200	138
1/16/2018	58.549999	59.720001	58.509998	58.939999	58.098484	6092500	94
1/17/2018	58.970001	59.529999	57.91	58.75	58.515247	4436300	104
1/18/2018	58.290001	59.150002	58.07	58.73	57.840492	4229600	152
1/19/2018	58.200001	58.470001	57.880001	58.029999	57.751183	6056400	260
1/22/2018	60.720001	60.73	58.200001	58.299999	60.251751	6220100	137
1/23/2018	60.939999	61.369999	60.200001	60.849998	60.470051	6338200	145
1/24/2018	61.43	61.779999	60.73	61.25	60.956276	5828900	152
1/25/2018	61.490002	61.84	60.98	61.48	61.015812	7888200	102
1/26/2018	61.84	62.509998	61.299999	61.619999	61.363113	5981700	205
1/29/2018	60.959999	62.349998	60.860001	61.439999	60.489895	3380000	210
1/30/2018	59.75	60.48	58.959999	60.18	59.28923	5362400	160
1/31/2018	60.049999	60.360001	59.439999	59.75	59.586914	3910200	120
2/1/2018	61.369999	61.5	60.049999	60.580002	60.896736	4614200	107
2/2/2018	59.110001	60.810001	58.880001	60.59	58.654167	8902300	86
2/5/2018	56.849998	59.5	56.529999	58.130001	56.411591	8064600	84
2/6/2018	57.490002	57.560001	53.970001	55.950001	57.046658	8742200	93
2/7/2018	58.720001	61.23	57.669998	60.759998	58.26717	12011900	147
2/8/2018	56.200001	59.779999	56.18	59.07	55.766605	8008000	154
2/9/2018	56.130001	57.240002	53.849998	56.759998	55.697144	8746600	162
2/12/2018	57.82	58.689999	56.830002	57	57.374111	6654900	149
2/13/2018	57.18	57.889999	56.77	57.330002	56.739048	4234700	138
2/14/2018	59.779999	59.939999	56.200001	56.400002	59.318996	5783300	78
2/15/2018	59.619999	60	58.540001	59.959999	59.160233	5431900	87
2/16/2018	59.18	60.119999	59.07	59.34	58.723625	3857400	153
2/20/2018	59.25	61.049999	59.16	59.299999	58.793087	5979300	135
2/21/2018	57.27	59.689999	57.23	59.240002	56.828354	6568600	160
2/22/2018	58.279999	59.540001	57.669998	57.849998	57.830566	4823300	342
2/23/2018	60.82	60.990002	58.5	58.889999	60.350975	5063600	171
2/26/2018	60.400002	61.459999	59.91	61.240002	59.934216	4283400	108
2/27/2018	58.470001	60.400002	58.450001	60.209999	58.0191	5515800	92
2/28/2018	57.040001	59	57.02	58.450001	56.600128	5429600	134
3/1/2018	57.119999	57.830002	56.650002	57.189999	56.679508	4270400	210
3/2/2018	57.450001	57.630001	56.040001	56.709999	57.006969	6565600	322
3/5/2018	58.950001	59.349998	57.040001	57.240002	58.495399	6540700	260
3/6/2018	58.810001	59.34	58.349998	59.34	58.35648	3803500	155
3/7/2018	57.720001	59.139999	57.459999	58.240002	57.274887	5257300	88
3/8/2018	57.080002	58	56.630001	57.650002	56.63982	4725100	103
3/9/2018	58.029999	58.380001	57.48	57.580002	57.582489	4359900	166
3/12/2018	58.98	59.259998	57.869999	58	58.525169	4073400	149
3/13/2018	58.549999	59.5	58.279999	59.09	58.345795	3111400	159
3/14/2018	58.919998	59.369999	58.580002	58.709999	58.714504	4076700	160
3/15/2018	57.91	59.869999	57.720001	59.240002	57.708027	6348700	138
3/16/2018	58.529999	59.330002	58.07	58.07	58.325863	4680800	71
3/19/2018	57.02	58.459999	56.630001	57.91	56.821133	4394300	87
3/20/2018	58.48	59.349998	57.540001	57.639999	58.276039	4343200	166
3/21/2018	61.5	61.630001	58.860001	58.919998	61.285507	7388200	160
3/22/2018	60.66	61.470001	60.130001	60.540001	60.448437	6470600	148
3/23/2018	61.560001	63.049999	61.07	61.360001	61.345299	6852100	150
3/26/2018	62.59	62.689999	60.73	62.389999	62.371704	4982500	155
3/27/2018	60.799999	63.049999	60.380001	63	60.587948	4447500	79
3/28/2018	58.900002	61.59	58.75	60.810001	58.694576	6661300	86
3/29/2018	60.41	60.68	59.209999	59.509998	60.199306	5891200	166
4/2/2018	58.169998	60.130001	56.790001	60.09	57.967117	5988800	145
4/3/2018	59.200001	59.32	57.360001	58.66	58.99353	3837800	149
4/4/2018	59.080002	59.25	57.630001	58.02	58.873947	3572700	191
4/5/2018	60.110001	60.779999	59.369999	59.419998	59.900356	5008300	246
4/6/2018	58.860001	60.27	57.740002	59.5	58.654713	10749700	128
4/9/2018	59.830002	61.029999	59.119999	59.380001	59.621334	5066500	107
4/10/2018	61.810001	62.700001	60.700001	60.759998	61.594425	6197700	121
4/11/2018	63.200001	63.470001	61.860001	61.869999	62.979576	5536200	155
4/12/2018	62.75	63.549999	62.419998	63.110001	62.531147	4137000	163
4/13/2018	63.029999	63.720001	62.689999	63.43	62.810169	5187600	155
4/16/2018	63.459999	63.810001	62.82	63.580002	63.23867	4362100	144
4/17/2018	64.059998	64.370003	63.349998	63.66	63.836575	5225800	82
4/18/2018	66.349998	67.129997	64.809998	64.809998	66.118591	8189900	73
4/19/2018	66.080002	67.239998	65.529999	66.440002	65.849533	5278900	139
4/20/2018	66.489998	66.940002	65.370003	65.919998	66.258102	5226000	159
4/23/2018	66.779999	67.339996	65.870003	66.139999	66.547089	6245700	146
4/24/2018	66.089996	67.25	65.040001	66.879997	65.859497	4285900	146
4/25/2018	66.830002	67.080002	65.709999	65.949997	66.596916	3054700	105
4/26/2018	67.5	67.699997	66.620003	67.019997	67.26458	2587700	77
4/27/2018	67.050003	67.470001	66.480003	66.970001	66.816154	3474900	83
4/30/2018	67.32	68.18	66.5	66.620003	67.085205	4030800	133
5/1/2018	66.519997	67.209999	65.910004	67.169998	66.287994	5781800	145
5/2/2018	65.57	66.800003	65.089996	66.690002	65.341309	6070600	146
5/3/2018	66.029999	66.550003	64.889999	65.330002	65.799706	4927800	136
5/4/2018	66.580002	66.760002	65.510002	65.949997	66.347794	3667800	140
5/7/2018	66	68.75	65.93	67.18	65.769814	4392300	67
5/8/2018	67.040001	67.089996	64.790001	65.690002	66.806183	3766500	79
5/9/2018	67.440002	68.839996	66.730003	68.440002	67.204788	7238700	147
5/10/2018	68.389999	68.849998	67.529999	68.230003	68.151474	5652700	134
5/11/2018	68.309998	69.279999	68.029999	68.68	68.071754	3622300	198
5/14/2018	69.199997	69.93	68.660004	68.660004	68.958649	3804800	162
5/15/2018	69.690002	70.25	68.849998	69.050003	69.446945	3543500	130
5/16/2018	70.32	70.669998	69.610001	70.25	70.074745	5106000	86
5/17/2018	71.139999	71.660004	70.610001	70.610001	70.891884	3867300	95
5/18/2018	70.57	71.370003	70.339996	71.220001	70.323875	4110900	142
5/21/2018	71.709999	72.150002	70.93	71.199997	71.459892	3436000	150
5/22/2018	70.519997	72.699997	70.449997	72.080002	70.27404	4380400	166
5/23/2018	70.330002	70.809998	69.300003	69.900002	70.084709	6673700	156
5/24/2018	69.059998	69.57	68.839996	69.269997	68.819138	5718300	136
5/25/2018	67.589996	67.739998	66.220001	67.529999	67.354263	5863700	97
5/29/2018	67.300003	68.110001	66.639999	66.709999	67.065277	5003400	83
5/30/2018	70.489998	70.769997	67.889999	67.889999	70.244148	4850900	137
5/31/2018	69.800003	70.830002	69.470001	69.889999	69.556564	4666600	90
6/1/2018	71.050003	71.57	69.389999	69.959999	70.8022	4389200	135
6/4/2018	69.339996	71.720001	69.279999	71.400002	69.09816	3761100	140
6/5/2018	69.230003	69.779999	68.349998	69	68.988548	2903300	136
6/6/2018	69.449997	70.160004	68.660004	69.559998	69.207779	3764100	92
6/7/2018	71.650002	72.029999	69.849998	70.099998	71.400108	4663300	67
6/8/2018	71.400002	71.860001	70.959999	71.720001	71.150978	3087700	152
6/11/2018	71.68	72.099998	71.010002	71.419998	71.43	3260700	136
6/12/2018	71.349998	72.160004	70.660004	71.290001	71.349998	4560200	132
6/13/2018	71.279999	71.970001	70.889999	71.110001	71.279999	4140500	145
6/14/2018	71.040001	72.540001	70.779999	72.07	71.040001	4624300	107
6/15/2018	68.489998	70.93	67.540001	70.650002	68.489998	8703700	85
6/18/2018	69.639999	70.720001	68.540001	68.980003	69.639999	5630800	85
6/19/2018	69.080002	70.029999	68.5	68.589996	69.080002	3835700	146
6/20/2018	70.099998	70.389999	68.739998	69.769997	70.099998	4941400	144
6/21/2018	69.459999	70.080002	68.879997	69.75	69.459999	4884400	171
6/22/2018	74.110001	74.720001	71.959999	72.239998	74.110001	11491200	152
6/25/2018	71.889999	74.349998	71.370003	73.830002	71.889999	4605600	133
6/26/2018	73.07	73.370003	71.370003	72.190002	73.07	5008400	85
6/27/2018	74.330002	75.5	73.879997	73.949997	74.330002	5773000	78
6/28/2018	73.580002	75.099998	73.190002	74.769997	73.580002	4125500	153
6/29/2018	73.25	74.889999	73.220001	73.529999	73.25	4443800	230
7/2/2018	72.440002	72.760002	71.629997	72.699997	72.440002	3623900	183
7/3/2018	73.459999	74.739998	72.980003	73.589996	73.459999	2185400	150
7/5/2018	72.580002	74.239998	72.309998	73.940002	72.580002	2853800	131
7/6/2018	73.660004	74	71.800003	71.889999	73.660004	2880400	76
7/9/2018	75.18	75.190002	74.230003	74.230003	75.18	5557400	81
7/10/2018	75.470001	76.699997	74.779999	75.800003	75.470001	4230200	137
7/11/2018	73.349998	75.220001	72.400002	74.5	73.349998	3778000	148
7/12/2018	73.690002	74.050003	72.610001	73.589996	73.690002	2887500	137
7/13/2018	74.589996	75.269997	73.43	73.610001	74.589996	2825300	152
7/16/2018	72.839996	73.900002	71.580002	73.300003	72.839996	3239700	102
7/17/2018	71.43	72.230003	70.940002	72.150002	71.43	3855900	77
7/18/2018	71.5	71.730003	70.120003	71.010002	71.5	3018400	71
7/19/2018	71.080002	71.629997	70.470001	71.150002	71.080002	3427900	158
7/20/2018	70.949997	71.370003	70.57	71.239998	70.949997	2530400	141
7/23/2018	71.059998	72.190002	70.980003	71.400002	71.059998	2852500	133
7/24/2018	72.360001	73.019997	71.25	71.940002	72.360001	3048000	134
7/25/2018	73.309998	73.489998	72.120003	72.160004	73.309998	3449500	126
7/26/2018	73.330002	73.769997	72.739998	73.050003	73.330002	2837900	89
7/27/2018	72.400002	73.190002	71.989998	72.790001	72.400002	2407400	79
7/30/2018	73.709999	74.199997	73.010002	73.18	73.709999	3736000	125
7/31/2018	73.150002	74.209999	72.739998	73.790001	73.150002	3507600	147
8/1/2018	69.57	72.050003	67.809998	71.949997	69.57	9216100	140
8/2/2018	69.669998	69.730003	68.260002	68.830002	69.669998	5484000	134
